name,profile_url,email,source_url
Faculty,https://faculty-resources.law.columbia.edu/,,https://faculty-resources.law.columbia.edu/
Faculty & Scholarship,https://www.law.columbia.edu/faculty-scholarship,,https://www.law.columbia.edu/faculty-scholarship
Faculty Directory,https://www.law.columbia.edu/faculty-and-scholarship/all-faculty?type=23&aos=All,,https://www.law.columbia.edu/faculty-and-scholarship/all-faculty?type=23&aos=All
Research Centers and Programs,https://www.law.columbia.edu/faculty-scholarship/research-centers-and-programs,,https://www.law.columbia.edu/faculty-scholarship/research-centers-and-programs
"Workshops, Lectures, Colloquia, and Conferences",https://www.law.columbia.edu/faculty-scholarship/workshops-lectures-colloquia-and-conferences,,https://www.law.columbia.edu/faculty-scholarship/workshops-lectures-colloquia-and-conferences
Haley Anderson,https://www.law.columbia.edu/faculty/haley-anderson,,https://www.law.columbia.edu/faculty/haley-anderson
Kate Andrias,https://www.law.columbia.edu/faculty/kate-andrias,,https://www.law.columbia.edu/faculty/kate-andrias
Mehdi Ansari,https://www.law.columbia.edu/faculty/mehdi-ansari,,https://www.law.columbia.edu/faculty/mehdi-ansari
Rebecca Antar,https://www.law.columbia.edu/faculty/rebecca-antar,,https://www.law.columbia.edu/faculty/rebecca-antar
Kira Antell,https://www.law.columbia.edu/faculty/kira-antell,,https://www.law.columbia.edu/faculty/kira-antell
Sania Anwar,https://www.law.columbia.edu/faculty/sania-anwar,,https://www.law.columbia.edu/faculty/sania-anwar
Pedro Aranguez Dias,https://www.law.columbia.edu/faculty/pedro-aranguez-dias,,https://www.law.columbia.edu/faculty/pedro-aranguez-dias
Ralph Arditi,https://www.law.columbia.edu/faculty/ralph-arditi,,https://www.law.columbia.edu/faculty/ralph-arditi
Joanne Armstrong,https://www.law.columbia.edu/faculty/joanne-armstrong,,https://www.law.columbia.edu/faculty/joanne-armstrong
Keri Arnold,https://www.law.columbia.edu/faculty/keri-arnold,,https://www.law.columbia.edu/faculty/keri-arnold
Elliott Ash,https://www.law.columbia.edu/faculty/elliott-ash,,https://www.law.columbia.edu/faculty/elliott-ash
Eric S. Askanase,https://www.law.columbia.edu/faculty/eric-s-askanase,,https://www.law.columbia.edu/faculty/eric-s-askanase
Aditi Bagchi,https://www.law.columbia.edu/faculty/aditi-bagchi,,https://www.law.columbia.edu/faculty/aditi-bagchi
Alice Baker,https://www.law.columbia.edu/faculty/alice-baker,,https://www.law.columbia.edu/faculty/alice-baker
Todd Baker,https://www.law.columbia.edu/faculty/todd-baker,,https://www.law.columbia.edu/faculty/todd-baker
Shyamkrishna Balganesh,https://www.law.columbia.edu/faculty/shyamkrishna-balganesh,,https://www.law.columbia.edu/faculty/shyamkrishna-balganesh
Robert Balin,https://www.law.columbia.edu/faculty/robert-balin,,https://www.law.columbia.edu/faculty/robert-balin
Ejaz Baluch Jr,https://www.law.columbia.edu/faculty/ejaz-baluch-jr,,https://www.law.columbia.edu/faculty/ejaz-baluch-jr
Richard Barasch,https://www.law.columbia.edu/faculty/richard-barasch,,https://www.law.columbia.edu/faculty/richard-barasch
Mark Barenberg,https://www.law.columbia.edu/faculty/mark-barenberg,,https://www.law.columbia.edu/faculty/mark-barenberg
Katherine Barnes,https://www.law.columbia.edu/faculty/katherine-barnes,,https://www.law.columbia.edu/faculty/katherine-barnes
Rachel Barnett,https://www.law.columbia.edu/faculty/rachel-barnett,,https://www.law.columbia.edu/faculty/rachel-barnett
Norman Bartczak,https://www.law.columbia.edu/faculty/norman-bartczak,,https://www.law.columbia.edu/faculty/norman-bartczak
Paul Basta,https://www.law.columbia.edu/faculty/paul-basta,,https://www.law.columbia.edu/faculty/paul-basta
Amber Baylor,https://www.law.columbia.edu/faculty/amber-baylor,,https://www.law.columbia.edu/faculty/amber-baylor
Thomas Becker,https://www.law.columbia.edu/faculty/thomas-becker,,https://www.law.columbia.edu/faculty/thomas-becker
Precious Danielle Benally,https://www.law.columbia.edu/faculty/precious-d-benally,,https://www.law.columbia.edu/faculty/precious-d-benally
Seyla Benhabib,https://www.law.columbia.edu/faculty/seyla-benhabib,,https://www.law.columbia.edu/faculty/seyla-benhabib
Berit Berger,https://www.law.columbia.edu/faculty/berit-berger,,https://www.law.columbia.edu/faculty/berit-berger
Dan Berger,https://www.law.columbia.edu/faculty/dan-berger,,https://www.law.columbia.edu/faculty/dan-berger
Vivian O. Berger,https://www.law.columbia.edu/faculty/vivian-o-berger,,https://www.law.columbia.edu/faculty/vivian-o-berger
Dan M. Berkovitz,https://www.law.columbia.edu/faculty/dan-m-berkovitz,,https://www.law.columbia.edu/faculty/dan-m-berkovitz
Nathaniel Berman,https://www.law.columbia.edu/faculty/nathaniel-berman,,https://www.law.columbia.edu/faculty/nathaniel-berman
Saul Berman,https://www.law.columbia.edu/faculty/saul-berman,,https://www.law.columbia.edu/faculty/saul-berman
George A. Bermann,https://www.law.columbia.edu/faculty/george-bermann,,https://www.law.columbia.edu/faculty/george-bermann
Doris Bernhardt,https://www.law.columbia.edu/faculty/doris-bernhardt,,https://www.law.columbia.edu/faculty/doris-bernhardt
Elizabeth Farber Bernhardt,https://www.law.columbia.edu/faculty/elizabeth-farber-bernhardt,,https://www.law.columbia.edu/faculty/elizabeth-farber-bernhardt
Sophia Bernhardt,https://www.law.columbia.edu/faculty/sophia-bernhardt,,https://www.law.columbia.edu/faculty/sophia-bernhardt
June Besek,https://www.law.columbia.edu/faculty/june-besek,,https://www.law.columbia.edu/faculty/june-besek
Jagdish Bhagwati,https://www.law.columbia.edu/faculty/jagdish-bhagwati,,https://www.law.columbia.edu/faculty/jagdish-bhagwati
Joseph Bianco,https://www.law.columbia.edu/faculty/joseph-bianco,,https://www.law.columbia.edu/faculty/joseph-bianco
Akeel Bilgrami,https://www.law.columbia.edu/faculty/akeel-bilgrami,,https://www.law.columbia.edu/faculty/akeel-bilgrami
Susan Biniaz,https://www.law.columbia.edu/faculty/susan-biniaz,,https://www.law.columbia.edu/faculty/susan-biniaz
Barbara A. Black,https://www.law.columbia.edu/faculty/barbara-black,,https://www.law.columbia.edu/faculty/barbara-black
Vincent Blasi,https://www.law.columbia.edu/faculty/vincent-blasi,,https://www.law.columbia.edu/faculty/vincent-blasi
Bryan L. Bloom,https://www.law.columbia.edu/faculty/bryan-l-bloom,,https://www.law.columbia.edu/faculty/bryan-l-bloom
Philip C. Bobbitt,https://www.law.columbia.edu/faculty/philip-c-bobbitt,,https://www.law.columbia.edu/faculty/philip-c-bobbitt
Lee C. Bollinger,https://www.law.columbia.edu/faculty/lee-bollinger,,https://www.law.columbia.edu/faculty/lee-bollinger
Luna Borges Pereira Santos,https://www.law.columbia.edu/faculty/luna-borges-pereira-santos,,https://www.law.columbia.edu/faculty/luna-borges-pereira-santos
Matthew Bova,https://www.law.columbia.edu/faculty/matthew-bova,,https://www.law.columbia.edu/faculty/matthew-bova
Anu Bradford,https://www.law.columbia.edu/faculty/anu-bradford,,https://www.law.columbia.edu/faculty/anu-bradford
Douglas M. Bregman,https://www.law.columbia.edu/faculty/douglas-m-bregman,,https://www.law.columbia.edu/faculty/douglas-m-bregman
Richard Briffault,https://www.law.columbia.edu/faculty/richard-briffault,,https://www.law.columbia.edu/faculty/richard-briffault
Alex Broche,https://www.law.columbia.edu/faculty/alex-broche,,https://www.law.columbia.edu/faculty/alex-broche
Clava Brodsky,https://www.law.columbia.edu/faculty/clava-brodsky,,https://www.law.columbia.edu/faculty/clava-brodsky
Michael Broyde,https://www.law.columbia.edu/faculty/michael-broyde,,https://www.law.columbia.edu/faculty/michael-broyde
Katherine Buckel,https://www.law.columbia.edu/faculty/katherine-buckel,,https://www.law.columbia.edu/faculty/katherine-buckel
Jessica Bulman-Pozen,https://www.law.columbia.edu/faculty/jessica-bulman-pozen,,https://www.law.columbia.edu/faculty/jessica-bulman-pozen
Michael Burger,https://www.law.columbia.edu/faculty/michael-burger,,https://www.law.columbia.edu/faculty/michael-burger
Ashley Michelle Burrell,https://www.law.columbia.edu/faculty/ashley-m-burrell,,https://www.law.columbia.edu/faculty/ashley-m-burrell
Edgardo Buscaglia,https://www.law.columbia.edu/faculty/edgardo-buscaglia,,https://www.law.columbia.edu/faculty/edgardo-buscaglia
Jonathan Bush,https://www.law.columbia.edu/faculty/jonathan-bush,,https://www.law.columbia.edu/faculty/jonathan-bush
Toby Butterfield,https://www.law.columbia.edu/faculty/toby-butterfield,,https://www.law.columbia.edu/faculty/toby-butterfield
Katherine C. Reilly,https://www.law.columbia.edu/faculty/katherine-c-reilly,,https://www.law.columbia.edu/faculty/katherine-c-reilly
Karen Cacace,https://www.law.columbia.edu/faculty/karen-cacace,,https://www.law.columbia.edu/faculty/karen-cacace
Nicoletta Caferri,https://www.law.columbia.edu/faculty/nicoletta-caferri,,https://www.law.columbia.edu/faculty/nicoletta-caferri
Karessa Cain,https://www.law.columbia.edu/faculty/karessa-cain,,https://www.law.columbia.edu/faculty/karessa-cain
Simon Canick,https://www.law.columbia.edu/faculty/simon-canick,,https://www.law.columbia.edu/faculty/simon-canick
Maria Luisa Canovas,https://www.law.columbia.edu/faculty/maria-luisa-canovas,,https://www.law.columbia.edu/faculty/maria-luisa-canovas
I. Bennett Capers,https://www.law.columbia.edu/faculty/i-bennett-capers,,https://www.law.columbia.edu/faculty/i-bennett-capers
Lea Carpenter,https://www.law.columbia.edu/faculty/lea-carpenter,,https://www.law.columbia.edu/faculty/lea-carpenter
Juan Cartagena,https://www.law.columbia.edu/faculty/juan-cartagena,,https://www.law.columbia.edu/faculty/juan-cartagena
Alexandra Carter,https://www.law.columbia.edu/faculty/alexandra-carter,,https://www.law.columbia.edu/faculty/alexandra-carter
James Cavallaro,https://www.law.columbia.edu/faculty/james-cavallaro,,https://www.law.columbia.edu/faculty/james-cavallaro
Steven Chaikelson,https://www.law.columbia.edu/faculty/steven-chaikelson,,https://www.law.columbia.edu/faculty/steven-chaikelson
Rachel Chambers,https://www.law.columbia.edu/faculty/rachel-chambers,,https://www.law.columbia.edu/faculty/rachel-chambers
Hannah Chanoine,https://www.law.columbia.edu/faculty/hannah-chanoine,,https://www.law.columbia.edu/faculty/hannah-chanoine
Mala Chatterjee,https://www.law.columbia.edu/faculty/mala-chatterjee,,https://www.law.columbia.edu/faculty/mala-chatterjee
Yongxi Chen,https://www.law.columbia.edu/faculty/yongxi-chen,,https://www.law.columbia.edu/faculty/yongxi-chen
Sidney Cherubin,https://www.law.columbia.edu/faculty/sidney-cherubin,,https://www.law.columbia.edu/faculty/sidney-cherubin
Robert Chesney,https://www.law.columbia.edu/faculty/robert-chesney,,https://www.law.columbia.edu/faculty/robert-chesney
Sheila Cheston,https://www.law.columbia.edu/faculty/sheila-cheston,,https://www.law.columbia.edu/faculty/sheila-cheston
Marvin Chirelstein,https://www.law.columbia.edu/faculty/marvin-chirelstein,,https://www.law.columbia.edu/faculty/marvin-chirelstein
Sumi Cho,https://www.law.columbia.edu/faculty/sumi-cho,,https://www.law.columbia.edu/faculty/sumi-cho
Stephanie Chow,https://www.law.columbia.edu/faculty/stephanie-chow,,https://www.law.columbia.edu/faculty/stephanie-chow
Wendy Chow,https://www.law.columbia.edu/faculty/wendy-chow,,https://www.law.columbia.edu/faculty/wendy-chow
Elizabeth M Chu,https://www.law.columbia.edu/faculty/elizabeth-m-chu,,https://www.law.columbia.edu/faculty/elizabeth-m-chu
Clara (Charlie) Cibrario Assereto,https://www.law.columbia.edu/faculty/clara-charlie-cibrario-assereto,,https://www.law.columbia.edu/faculty/clara-charlie-cibrario-assereto
Oreste Cipolla,https://www.law.columbia.edu/faculty/oreste-cipolla,,https://www.law.columbia.edu/faculty/oreste-cipolla
Sarah H. Cleveland,https://www.law.columbia.edu/faculty/sarah-h-cleveland,,https://www.law.columbia.edu/faculty/sarah-h-cleveland
"John C. Coffee, Jr.",https://www.law.columbia.edu/faculty/john-c-coffee-jr,,https://www.law.columbia.edu/faculty/john-c-coffee-jr
Jay Cohen,https://www.law.columbia.edu/faculty/jay-cohen,,https://www.law.columbia.edu/faculty/jay-cohen
Nika Cohen,https://www.law.columbia.edu/faculty/nika-cohen,,https://www.law.columbia.edu/faculty/nika-cohen
Debra L. W. Cohn,https://www.law.columbia.edu/faculty/debra-l-cohn,,https://www.law.columbia.edu/faculty/debra-l-cohn
Avanthi M Cole,https://www.law.columbia.edu/faculty/avanthi-m-cole,,https://www.law.columbia.edu/faculty/avanthi-m-cole
David Cole,https://www.law.columbia.edu/faculty/david-cole,,https://www.law.columbia.edu/faculty/david-cole
Jonathan Cole,https://www.law.columbia.edu/faculty/jonathan-cole,,https://www.law.columbia.edu/faculty/jonathan-cole
Jennifer Conn,https://www.law.columbia.edu/faculty/jennifer-conn,,https://www.law.columbia.edu/faculty/jennifer-conn
Larcy Cooper,https://www.law.columbia.edu/faculty/larcy-cooper,,https://www.law.columbia.edu/faculty/larcy-cooper
Kimberle W. Crenshaw,https://www.law.columbia.edu/faculty/kimberle-w-crenshaw,,https://www.law.columbia.edu/faculty/kimberle-w-crenshaw
Peggy Cross-Goldenberg,https://www.law.columbia.edu/faculty/peggy-cross-goldenberg,,https://www.law.columbia.edu/faculty/peggy-cross-goldenberg
Rick D'Avino,https://www.law.columbia.edu/faculty/rick-davino,,https://www.law.columbia.edu/faculty/rick-davino
Lori Fisler Damrosch,https://www.law.columbia.edu/faculty/lori-f-damrosch,,https://www.law.columbia.edu/faculty/lori-f-damrosch
Elizabeth Daniel Vasquez,https://www.law.columbia.edu/faculty/elizabeth-daniel-vasquez,,https://www.law.columbia.edu/faculty/elizabeth-daniel-vasquez
Lev Dassin,https://www.law.columbia.edu/faculty/lev-dassin,,https://www.law.columbia.edu/faculty/lev-dassin
Anthony Davis,https://www.law.columbia.edu/faculty/anthony-davis,,https://www.law.columbia.edu/faculty/anthony-davis
Frederick Davis,https://www.law.columbia.edu/faculty/frederick-davis,,https://www.law.columbia.edu/faculty/frederick-davis
Joanne De Silva,https://www.law.columbia.edu/faculty/joanne-de-silva,,https://www.law.columbia.edu/faculty/joanne-de-silva
Natalia Delgado,https://www.law.columbia.edu/faculty/natalia-delgado,,https://www.law.columbia.edu/faculty/natalia-delgado
Joseph DeMarco,https://www.law.columbia.edu/faculty/joseph-demarco,,https://www.law.columbia.edu/faculty/joseph-demarco
Timothy DeMasi,https://www.law.columbia.edu/faculty/timothy-demasi,,https://www.law.columbia.edu/faculty/timothy-demasi
Rebecca Dent,https://www.law.columbia.edu/faculty/rebecca-dent,,https://www.law.columbia.edu/faculty/rebecca-dent
Anna Diakun,https://www.law.columbia.edu/faculty/anna-diakun,,https://www.law.columbia.edu/faculty/anna-diakun
Richard Dicker,https://www.law.columbia.edu/faculty/richard-dicker,,https://www.law.columbia.edu/faculty/richard-dicker
Brett Dignam,https://www.law.columbia.edu/faculty/brett-dignam,,https://www.law.columbia.edu/faculty/brett-dignam
Delyan M. Dimitrov,https://www.law.columbia.edu/faculty/delyan-m-dimitrov,,https://www.law.columbia.edu/faculty/delyan-m-dimitrov
Michael W. Doyle,https://www.law.columbia.edu/faculty/michael-w-doyle,,https://www.law.columbia.edu/faculty/michael-w-doyle
Elyse Dreyer,https://www.law.columbia.edu/faculty/elyse-dreyer,,https://www.law.columbia.edu/faculty/elyse-dreyer
Maggie Drucker,https://www.law.columbia.edu/faculty/maggie-drucker,,https://www.law.columbia.edu/faculty/maggie-drucker
Kabir Duggal,https://www.law.columbia.edu/faculty/kabir-duggal,,https://www.law.columbia.edu/faculty/kabir-duggal
Tijana Dvornic,https://www.law.columbia.edu/faculty/tijana-dvornic,,https://www.law.columbia.edu/faculty/tijana-dvornic
Martin Edel,https://www.law.columbia.edu/faculty/martin-edel,,https://www.law.columbia.edu/faculty/martin-edel
Harold S. H. Edgar,https://www.law.columbia.edu/faculty/harold-s-edgar,,https://www.law.columbia.edu/faculty/harold-s-edgar
Randle Edwards,https://www.law.columbia.edu/faculty/randle-edwards,,https://www.law.columbia.edu/faculty/randle-edwards
Scott Edwards,https://www.law.columbia.edu/faculty/scott-edwards,,https://www.law.columbia.edu/faculty/scott-edwards
Robin Effron,https://www.law.columbia.edu/faculty/robin-effron,,https://www.law.columbia.edu/faculty/robin-effron
Stephen Ehrlich,https://www.law.columbia.edu/faculty/stephen-ehrlich,,https://www.law.columbia.edu/faculty/stephen-ehrlich
Tal Eisenzweig,https://www.law.columbia.edu/faculty/tal-eisenzweig,,https://www.law.columbia.edu/faculty/tal-eisenzweig
Elizabeth F. Emens,https://www.law.columbia.edu/faculty/elizabeth-f-emens,,https://www.law.columbia.edu/faculty/elizabeth-f-emens
Anthony Ewing,https://www.law.columbia.edu/faculty/anthony-ewing,,https://www.law.columbia.edu/faculty/anthony-ewing
Jeffrey A. Fagan,https://www.law.columbia.edu/faculty/jeffrey-fagan,,https://www.law.columbia.edu/faculty/jeffrey-fagan
Les Fagen,https://www.law.columbia.edu/faculty/les-fagen,,https://www.law.columbia.edu/faculty/les-fagen
Kai Falkenberg,https://www.law.columbia.edu/faculty/kai-falkenberg,,https://www.law.columbia.edu/faculty/kai-falkenberg
Dennis Fan,https://www.law.columbia.edu/faculty/dennis-fan,,https://www.law.columbia.edu/faculty/dennis-fan
Casey Faucon,https://www.law.columbia.edu/faculty/casey-faucon,,https://www.law.columbia.edu/faculty/casey-faucon
Kristen J Ferguson,https://www.law.columbia.edu/faculty/kristen-j-ferguson,,https://www.law.columbia.edu/faculty/kristen-j-ferguson
Robert Ferguson,https://www.law.columbia.edu/faculty/robert-ferguson,,https://www.law.columbia.edu/faculty/robert-ferguson
Jacob R. Fiddelman,https://www.law.columbia.edu/faculty/jacob-r-fiddelman,,https://www.law.columbia.edu/faculty/jacob-r-fiddelman
Elizabeth Fischer,https://www.law.columbia.edu/faculty/elizabeth-fischer,,https://www.law.columbia.edu/faculty/elizabeth-fischer
Martin Flaherty,https://www.law.columbia.edu/faculty/martin-flaherty,,https://www.law.columbia.edu/faculty/martin-flaherty
George P. Fletcher,https://www.law.columbia.edu/faculty/george-p-fletcher,,https://www.law.columbia.edu/faculty/george-p-fletcher
Alice Fontier,https://www.law.columbia.edu/faculty/alice-fontier,,https://www.law.columbia.edu/faculty/alice-fontier
Flores Forbes,https://www.law.columbia.edu/faculty/flores-forbes,,https://www.law.columbia.edu/faculty/flores-forbes
Fabricio Fortese,https://www.law.columbia.edu/faculty/fabricio-fortese,,https://www.law.columbia.edu/faculty/fabricio-fortese
Maria Foscarinis,https://www.law.columbia.edu/faculty/maria-foscarinis,,https://www.law.columbia.edu/faculty/maria-foscarinis
Sheila Foster,https://www.law.columbia.edu/faculty/sheila-foster,,https://www.law.columbia.edu/faculty/sheila-foster
Mavis Fowler-Williams,https://www.law.columbia.edu/faculty/mavis-fowler-williams,,https://www.law.columbia.edu/faculty/mavis-fowler-williams
Merritt B. Fox,https://www.law.columbia.edu/faculty/merritt-b-fox,,https://www.law.columbia.edu/faculty/merritt-b-fox
Andrew Frackman,https://www.law.columbia.edu/faculty/andrew-frackman,,https://www.law.columbia.edu/faculty/andrew-frackman
Stephen Fraidin,https://www.law.columbia.edu/faculty/stephen-fraidin,,https://www.law.columbia.edu/faculty/stephen-fraidin
Josh Freeman,https://www.law.columbia.edu/faculty/josh-freeman,,https://www.law.columbia.edu/faculty/josh-freeman
Gabriel Freiman,https://www.law.columbia.edu/faculty/gabriel-freiman,,https://www.law.columbia.edu/faculty/gabriel-freiman
David Fried,https://www.law.columbia.edu/faculty/david-fried,,https://www.law.columbia.edu/faculty/david-fried
Andrew Friedman,https://www.law.columbia.edu/faculty/andrew-friedman,,https://www.law.columbia.edu/faculty/andrew-friedman
Brett Friedman,https://www.law.columbia.edu/faculty/brett-friedman,,https://www.law.columbia.edu/faculty/brett-friedman
Edward C. Frischling,https://www.law.columbia.edu/faculty/edward-c-frischling,,https://www.law.columbia.edu/faculty/edward-c-frischling
Kellen R. Funk,https://www.law.columbia.edu/faculty/kellen-r-funk,,https://www.law.columbia.edu/faculty/kellen-r-funk
Bryan Furst,https://www.law.columbia.edu/faculty/bryan-furst,,https://www.law.columbia.edu/faculty/bryan-furst
Jamie Gallagher,https://www.law.columbia.edu/faculty/jamie-gallagher,,https://www.law.columbia.edu/faculty/jamie-gallagher
Margaret Merrell Garnett,https://www.law.columbia.edu/faculty/margaret-m-garnett,,https://www.law.columbia.edu/faculty/margaret-m-garnett
Alejandro M. Garro,https://www.law.columbia.edu/faculty/alejandro-m-garro,,https://www.law.columbia.edu/faculty/alejandro-m-garro
Lee Gelernt,https://www.law.columbia.edu/faculty/lee-gelernt,,https://www.law.columbia.edu/faculty/lee-gelernt
Philip M. Genty,https://www.law.columbia.edu/faculty/philip-m-genty,,https://www.law.columbia.edu/faculty/philip-m-genty
Christine Anne George,https://www.law.columbia.edu/faculty/christine-george,,https://www.law.columbia.edu/faculty/christine-george
Robert Gerber,https://www.law.columbia.edu/faculty/robert-gerber,,https://www.law.columbia.edu/faculty/robert-gerber
Michael Gerrard,https://www.law.columbia.edu/faculty/michael-gerrard,,https://www.law.columbia.edu/faculty/michael-gerrard
Talia Gillis,https://www.law.columbia.edu/faculty/talia-gillis,,https://www.law.columbia.edu/faculty/talia-gillis
Ronald J. Gilson,https://www.law.columbia.edu/faculty/ronald-j-gilson,,https://www.law.columbia.edu/faculty/ronald-j-gilson
Jane C. Ginsburg,https://www.law.columbia.edu/faculty/jane-c-ginsburg,,https://www.law.columbia.edu/faculty/jane-c-ginsburg
Robin Gise,https://www.law.columbia.edu/faculty/robin-gise,,https://www.law.columbia.edu/faculty/robin-gise
Maeve Glass,https://www.law.columbia.edu/faculty/maeve-glass,,https://www.law.columbia.edu/faculty/maeve-glass
Martin Glenn,https://www.law.columbia.edu/faculty/martin-glenn,,https://www.law.columbia.edu/faculty/martin-glenn
Lawrence Glosten,https://www.law.columbia.edu/faculty/lawrence-glosten,,https://www.law.columbia.edu/faculty/lawrence-glosten
Melanie Goins,https://www.law.columbia.edu/faculty/melanie-goins,,https://www.law.columbia.edu/faculty/melanie-goins
Suzanne Goldberg,https://www.law.columbia.edu/faculty/suzanne-goldberg,,https://www.law.columbia.edu/faculty/suzanne-goldberg
Victor P. Goldberg,https://www.law.columbia.edu/faculty/victor-p-goldberg,,https://www.law.columbia.edu/faculty/victor-p-goldberg
Rachel Goldman,https://www.law.columbia.edu/faculty/rachel-goldman,,https://www.law.columbia.edu/faculty/rachel-goldman
Harvey J. Goldschmid,https://www.law.columbia.edu/faculty/harvey-j-goldschmid,,https://www.law.columbia.edu/faculty/harvey-j-goldschmid
Madeline M. Gomez,https://www.law.columbia.edu/faculty/madeline-m-gomez,,https://www.law.columbia.edu/faculty/madeline-m-gomez
Hector Gonzalez,https://www.law.columbia.edu/faculty/hector-gonzalez,,https://www.law.columbia.edu/faculty/hector-gonzalez
David Goodwin,https://www.law.columbia.edu/faculty/david-goodwin,,https://www.law.columbia.edu/faculty/david-goodwin
Leah Gopin,https://www.law.columbia.edu/faculty/leah-gopin,,https://www.law.columbia.edu/faculty/leah-gopin
Jeffrey N. Gordon,https://www.law.columbia.edu/faculty/jeffrey-n-gordon,,https://www.law.columbia.edu/faculty/jeffrey-n-gordon
Stephen Gordon,https://www.law.columbia.edu/faculty/stephen-gordon,,https://www.law.columbia.edu/faculty/stephen-gordon
Zohar Goshen,https://www.law.columbia.edu/faculty/zohar-goshen,,https://www.law.columbia.edu/faculty/zohar-goshen
Nicolas Grabar,https://www.law.columbia.edu/faculty/nicolas-grabar,,https://www.law.columbia.edu/faculty/nicolas-grabar
Frank P. Grad,https://www.law.columbia.edu/faculty/frank-p-grad,,https://www.law.columbia.edu/faculty/frank-p-grad
Michael Graetz,https://www.law.columbia.edu/faculty/michael-graetz,,https://www.law.columbia.edu/faculty/michael-graetz
Richard Gray,https://www.law.columbia.edu/faculty/richard-gray,,https://www.law.columbia.edu/faculty/richard-gray
Jerome Greco,https://www.law.columbia.edu/faculty/jerome-greco,,https://www.law.columbia.edu/faculty/jerome-greco
Ariadne Green,https://www.law.columbia.edu/faculty/ariadne-green,,https://www.law.columbia.edu/faculty/ariadne-green
Alexander Greenawalt,https://www.law.columbia.edu/faculty/alexander-greenawalt,,https://www.law.columbia.edu/faculty/alexander-greenawalt
Kent Greenawalt,https://www.law.columbia.edu/faculty/kent-greenawalt,,https://www.law.columbia.edu/faculty/kent-greenawalt
Jack Greenberg,https://www.law.columbia.edu/faculty/jack-greenberg,,https://www.law.columbia.edu/faculty/jack-greenberg
Michelle Greenberg-Kobrin,https://www.law.columbia.edu/faculty/michelle-greenberg-kobrin,,https://www.law.columbia.edu/faculty/michelle-greenberg-kobrin
Edward Greene,https://www.law.columbia.edu/faculty/edward-greene,,https://www.law.columbia.edu/faculty/edward-greene
Jamal Greene,https://www.law.columbia.edu/faculty/jamal-greene,,https://www.law.columbia.edu/faculty/jamal-greene
Naima Gregory,https://www.law.columbia.edu/faculty/naima-gregory,,https://www.law.columbia.edu/faculty/naima-gregory
Robert Grey,https://www.law.columbia.edu/faculty/robert-grey,,https://www.law.columbia.edu/faculty/robert-grey
Benjamin Grimes,https://www.law.columbia.edu/faculty/benjamin-grimes,,https://www.law.columbia.edu/faculty/benjamin-grimes
Ben Gross,https://www.law.columbia.edu/faculty/ben-gross,,https://www.law.columbia.edu/faculty/ben-gross
Peter Grossi,https://www.law.columbia.edu/faculty/peter-grossi,,https://www.law.columbia.edu/faculty/peter-grossi
Anjum Gupta,https://www.law.columbia.edu/faculty/anjum-gupta,,https://www.law.columbia.edu/faculty/anjum-gupta
Josh Gupta-Kagan,https://www.law.columbia.edu/faculty/josh-gupta-kagan,,https://www.law.columbia.edu/faculty/josh-gupta-kagan
Tanya Hajjar,https://www.law.columbia.edu/faculty/tanya-hajjar,,https://www.law.columbia.edu/faculty/tanya-hajjar
Monica Hakimi,https://www.law.columbia.edu/faculty/monica-hakimi,,https://www.law.columbia.edu/faculty/monica-hakimi
Philip Hamburger,https://www.law.columbia.edu/faculty/philip-hamburger,,https://www.law.columbia.edu/faculty/philip-hamburger
Assaf Hamdani,https://www.law.columbia.edu/faculty/assaf-hamdani,,https://www.law.columbia.edu/faculty/assaf-hamdani
Dorothy Harbeck,https://www.law.columbia.edu/faculty/dorothy-harbeck,,https://www.law.columbia.edu/faculty/dorothy-harbeck
Bernard E. Harcourt,https://www.law.columbia.edu/faculty/bernard-e-harcourt,,https://www.law.columbia.edu/faculty/bernard-e-harcourt
Natasha Harnwell-Davis,https://www.law.columbia.edu/faculty/natasha-harnwell-davis,,https://www.law.columbia.edu/faculty/natasha-harnwell-davis
Brandon D Harper,https://www.law.columbia.edu/faculty/brandon-d-harper,,https://www.law.columbia.edu/faculty/brandon-d-harper
Robert Harris,https://www.law.columbia.edu/faculty/robert-harris,,https://www.law.columbia.edu/faculty/robert-harris
Christopher B Harwood,https://www.law.columbia.edu/faculty/christopher-b-harwood,,https://www.law.columbia.edu/faculty/christopher-b-harwood
Gail Heatherly,https://www.law.columbia.edu/faculty/gail-heatherly,,https://www.law.columbia.edu/faculty/gail-heatherly
Michael A. Heller,https://www.law.columbia.edu/faculty/michael-heller,,https://www.law.columbia.edu/faculty/michael-heller
Genevieve Helleringer,https://www.law.columbia.edu/faculty/genevieve-helleringer,,https://www.law.columbia.edu/faculty/genevieve-helleringer
Adam Hemlock,https://www.law.columbia.edu/faculty/adam-hemlock,,https://www.law.columbia.edu/faculty/adam-hemlock
Louis Henkin,https://www.law.columbia.edu/faculty/louis-henkin,,https://www.law.columbia.edu/faculty/louis-henkin
Patricia Hennessey,https://www.law.columbia.edu/faculty/patricia-hennessey,,https://www.law.columbia.edu/faculty/patricia-hennessey
Jehanne Henry,https://www.law.columbia.edu/faculty/jehanne-henry,,https://www.law.columbia.edu/faculty/jehanne-henry
Jey Hernandez,https://www.law.columbia.edu/faculty/jey-hernandez,,https://www.law.columbia.edu/faculty/jey-hernandez
Jay Allen Hewlin,https://www.law.columbia.edu/faculty/jay-hewlin,,https://www.law.columbia.edu/faculty/jay-hewlin
Alfred Hill,https://www.law.columbia.edu/faculty/alfred-hill,,https://www.law.columbia.edu/faculty/alfred-hill
Nell Hirschmann-Levy,https://www.law.columbia.edu/faculty/nell-hirschmann-levy,,https://www.law.columbia.edu/faculty/nell-hirschmann-levy
D. Bruce Hoffman,https://www.law.columbia.edu/faculty/d-bruce-hoffman,,https://www.law.columbia.edu/faculty/d-bruce-hoffman
Courtney Hogg,https://www.law.columbia.edu/faculty/courtney-hogg,,https://www.law.columbia.edu/faculty/courtney-hogg
Reynolds Holding,https://www.law.columbia.edu/faculty/reynolds-holding,,https://www.law.columbia.edu/faculty/reynolds-holding
Eunice Hong,https://www.law.columbia.edu/faculty/eunice-hong,,https://www.law.columbia.edu/faculty/eunice-hong
James L. Hoover,https://www.law.columbia.edu/faculty/james-l-hoover,,https://www.law.columbia.edu/faculty/james-l-hoover
David Paul Horowitz,https://www.law.columbia.edu/faculty/david-paul-horowitz,,https://www.law.columbia.edu/faculty/david-paul-horowitz
Jeffrey Horowitz,https://www.law.columbia.edu/faculty/jeffrey-horowitz,,https://www.law.columbia.edu/faculty/jeffrey-horowitz
Steven Horowitz,https://www.law.columbia.edu/faculty/steven-horowitz,,https://www.law.columbia.edu/faculty/steven-horowitz
Richard Horsch,https://www.law.columbia.edu/faculty/richard-horsch,,https://www.law.columbia.edu/faculty/richard-horsch
Susan Horwitz,https://www.law.columbia.edu/faculty/susan-horwitz,,https://www.law.columbia.edu/faculty/susan-horwitz
Bert Huang,https://www.law.columbia.edu/faculty/bert-huang,,https://www.law.columbia.edu/faculty/bert-huang
He Hui,https://www.law.columbia.edu/faculty/he-hui,,https://www.law.columbia.edu/faculty/he-hui
Clare Huntington,https://www.law.columbia.edu/faculty/clare-huntington,,https://www.law.columbia.edu/faculty/clare-huntington
Giselle Huron,https://www.law.columbia.edu/faculty/giselle-huron,,https://www.law.columbia.edu/faculty/giselle-huron
Nobuhisa Ishizuka,https://www.law.columbia.edu/faculty/nobuhisa-ishizuka,,https://www.law.columbia.edu/faculty/nobuhisa-ishizuka
Turkuler Isiksel,https://www.law.columbia.edu/faculty/turkuler-isiksel,,https://www.law.columbia.edu/faculty/turkuler-isiksel
Mia Jackson-Rosenthal,https://www.law.columbia.edu/faculty/mia-jackson-rosenthal,,https://www.law.columbia.edu/faculty/mia-jackson-rosenthal
John Jacobi,https://www.law.columbia.edu/faculty/john-jacobi,,https://www.law.columbia.edu/faculty/john-jacobi
Lawrence Jacobs,https://www.law.columbia.edu/faculty/lawrence-jacobs,,https://www.law.columbia.edu/faculty/lawrence-jacobs
Jameel Jaffer,https://www.law.columbia.edu/faculty/jameel-jaffer,,https://www.law.columbia.edu/faculty/jameel-jaffer
Merit Janow,https://www.law.columbia.edu/faculty/merit-janow,,https://www.law.columbia.edu/faculty/merit-janow
Kevin Jason,https://www.law.columbia.edu/faculty/kevin-jason,,https://www.law.columbia.edu/faculty/kevin-jason
Natalie Jean-Baptiste,https://www.law.columbia.edu/faculty/natalie-jean-baptiste,,https://www.law.columbia.edu/faculty/natalie-jean-baptiste
Tejal Jesrani Haslinger,https://www.law.columbia.edu/faculty/tejal-jesrani-haslinger,,https://www.law.columbia.edu/faculty/tejal-jesrani-haslinger
Michael Jo,https://www.law.columbia.edu/faculty/michael-jo,,https://www.law.columbia.edu/faculty/michael-jo
Conrad Johnson,https://www.law.columbia.edu/faculty/conrad-johnson,,https://www.law.columbia.edu/faculty/conrad-johnson
Darren Wright Johnson,https://www.law.columbia.edu/faculty/darren-w-johnson,,https://www.law.columbia.edu/faculty/darren-w-johnson
Emily Johnson,https://www.law.columbia.edu/faculty/emily-johnson-0,,https://www.law.columbia.edu/faculty/emily-johnson-0
Olatunde Johnson,https://www.law.columbia.edu/faculty/olatunde-johnson,,https://www.law.columbia.edu/faculty/olatunde-johnson
Thea Johnson,https://www.law.columbia.edu/faculty/thea-johnson,,https://www.law.columbia.edu/faculty/thea-johnson
Andy Jondahl,https://www.law.columbia.edu/faculty/andy-jondahl,,https://www.law.columbia.edu/faculty/andy-jondahl
Danielle Jones,https://www.law.columbia.edu/faculty/danielle-jones,,https://www.law.columbia.edu/faculty/danielle-jones
William Jones,https://www.law.columbia.edu/faculty/william-jones,,https://www.law.columbia.edu/faculty/william-jones
Kelsey Jost-Creegan,https://www.law.columbia.edu/faculty/kelsey-jost-creegan,,https://www.law.columbia.edu/faculty/kelsey-jost-creegan
Kathryn Judge,https://www.law.columbia.edu/faculty/kathryn-judge,,https://www.law.columbia.edu/faculty/kathryn-judge
Hicham Kantar,https://www.law.columbia.edu/faculty/hicham-kantar,,https://www.law.columbia.edu/faculty/hicham-kantar
Cathy Kaplan,https://www.law.columbia.edu/faculty/cathy-kaplan,,https://www.law.columbia.edu/faculty/cathy-kaplan
Roberta Kaplan,https://www.law.columbia.edu/faculty/roberta-kaplan,,https://www.law.columbia.edu/faculty/roberta-kaplan
Kenneth Karas,https://www.law.columbia.edu/faculty/kenneth-karas,,https://www.law.columbia.edu/faculty/kenneth-karas
Akiteru Katsuta,https://www.law.columbia.edu/faculty/akiteru-katsuta,,https://www.law.columbia.edu/faculty/akiteru-katsuta
Avery W. Katz,https://www.law.columbia.edu/faculty/avery-w-katz,,https://www.law.columbia.edu/faculty/avery-w-katz
Larissa Katz,https://www.law.columbia.edu/faculty/larissa-katz,,https://www.law.columbia.edu/faculty/larissa-katz
George Kendall,https://www.law.columbia.edu/faculty/george-kendall,,https://www.law.columbia.edu/faculty/george-kendall
Will Kendall,https://www.law.columbia.edu/faculty/will-kendall,,https://www.law.columbia.edu/faculty/will-kendall
Andrew Kent,https://www.law.columbia.edu/faculty/andrew-kent,,https://www.law.columbia.edu/faculty/andrew-kent
Jeremy Kessler,https://www.law.columbia.edu/faculty/jeremy-kessler,,https://www.law.columbia.edu/faculty/jeremy-kessler
Scott Kessler,https://www.law.columbia.edu/faculty/scott-kessler,,https://www.law.columbia.edu/faculty/scott-kessler
Lina Khan,https://www.law.columbia.edu/faculty/lina-khan,,https://www.law.columbia.edu/faculty/lina-khan
Madhav Khosla,https://www.law.columbia.edu/faculty/madhav-khosla,,https://www.law.columbia.edu/faculty/madhav-khosla
Howard S. Kim,https://www.law.columbia.edu/faculty/howard-s-kim,,https://www.law.columbia.edu/faculty/howard-s-kim
Daniel A Kipnis,https://www.law.columbia.edu/faculty/daniel-kipnis,,https://www.law.columbia.edu/faculty/daniel-kipnis
Igor Kirman,https://www.law.columbia.edu/faculty/igor-kirman,,https://www.law.columbia.edu/faculty/igor-kirman
Edward Klaris,https://www.law.columbia.edu/faculty/edward-klaris,,https://www.law.columbia.edu/faculty/edward-klaris
Annika Knauer,https://www.law.columbia.edu/faculty/annika-knauer,,https://www.law.columbia.edu/faculty/annika-knauer
Sarah Maree Knuckey,https://www.law.columbia.edu/faculty/sarah-m-knuckey,,https://www.law.columbia.edu/faculty/sarah-m-knuckey
Paul Koffsky,https://www.law.columbia.edu/faculty/paul-koffsky,,https://www.law.columbia.edu/faculty/paul-koffsky
Saritha Komatireddy,https://www.law.columbia.edu/faculty/saritha-komatireddy,,https://www.law.columbia.edu/faculty/saritha-komatireddy
Eric Komitee,https://www.law.columbia.edu/faculty/eric-komitee,,https://www.law.columbia.edu/faculty/eric-komitee
Sam Koolaq,https://www.law.columbia.edu/faculty/sam-koolaq,,https://www.law.columbia.edu/faculty/sam-koolaq
Rachel Kovner,https://www.law.columbia.edu/faculty/rachel-kovner,,https://www.law.columbia.edu/faculty/rachel-kovner
Jody Kraus,https://www.law.columbia.edu/faculty/jody-kraus,,https://www.law.columbia.edu/faculty/jody-kraus
Stephanie Krent,https://www.law.columbia.edu/faculty/stephanie-krent,,https://www.law.columbia.edu/faculty/stephanie-krent
Ramya Krishnan,https://www.law.columbia.edu/faculty/ramya-krishnan,,https://www.law.columbia.edu/faculty/ramya-krishnan
Alexander Krulic,https://www.law.columbia.edu/faculty/alexander-krulic,,https://www.law.columbia.edu/faculty/alexander-krulic
Julian Ku,https://www.law.columbia.edu/faculty/julian-ku,,https://www.law.columbia.edu/faculty/julian-ku
Akshaya Kumar,https://www.law.columbia.edu/faculty/akshaya-kumar,,https://www.law.columbia.edu/faculty/akshaya-kumar
Lucy Faith Kweskin,https://www.law.columbia.edu/faculty/lucy-f-kweskin,,https://www.law.columbia.edu/faculty/lucy-f-kweskin
Julema La-Force,https://www.law.columbia.edu/faculty/julema-la-force,,https://www.law.columbia.edu/faculty/julema-la-force
David Lakhdhir,https://www.law.columbia.edu/faculty/david-lakhdhir,,https://www.law.columbia.edu/faculty/david-lakhdhir
Kevin Lam,https://www.law.columbia.edu/faculty/kevin-lam,,https://www.law.columbia.edu/faculty/kevin-lam
J. Travis Laster,https://www.law.columbia.edu/faculty/j-t-laster,,https://www.law.columbia.edu/faculty/j-t-laster
Tolu Lawal,https://www.law.columbia.edu/faculty/tolu-lawal,,https://www.law.columbia.edu/faculty/tolu-lawal
Benjamin Lawsky,https://www.law.columbia.edu/faculty/benjamin-lawsky,,https://www.law.columbia.edu/faculty/benjamin-lawsky
Mark Lebovitch,https://www.law.columbia.edu/faculty/mark-lebovitch,,https://www.law.columbia.edu/faculty/mark-lebovitch
Gerald Lebovits,https://www.law.columbia.edu/faculty/gerald-lebovits,,https://www.law.columbia.edu/faculty/gerald-lebovits
Henry Lebowitz,https://www.law.columbia.edu/faculty/henry-lebowitz,,https://www.law.columbia.edu/faculty/henry-lebowitz
Brian Lee,https://www.law.columbia.edu/faculty/brian-lee,,https://www.law.columbia.edu/faculty/brian-lee
Thomas Lee,https://www.law.columbia.edu/faculty/thomas-lee,,https://www.law.columbia.edu/faculty/thomas-lee
Young Lee,https://www.law.columbia.edu/faculty/young-lee,,https://www.law.columbia.edu/faculty/young-lee
Youngjae Lee,https://www.law.columbia.edu/faculty/youngjae-lee,,https://www.law.columbia.edu/faculty/youngjae-lee
Jay Lefkowitz,https://www.law.columbia.edu/faculty/jay-lefkowitz,,https://www.law.columbia.edu/faculty/jay-lefkowitz
Peter H. Lehner,https://www.law.columbia.edu/faculty/peter-h-lehner,,https://www.law.columbia.edu/faculty/peter-h-lehner
Dorchen A. Leidholdt,https://www.law.columbia.edu/faculty/dorchen-leidholdt,,https://www.law.columbia.edu/faculty/dorchen-leidholdt
Jared Lenow,https://www.law.columbia.edu/faculty/jared-lenow,,https://www.law.columbia.edu/faculty/jared-lenow
Gillian Lester,https://www.law.columbia.edu/faculty/gillian-lester,,https://www.law.columbia.edu/faculty/gillian-lester
Andrew Levander,https://www.law.columbia.edu/faculty/andrew-levander,,https://www.law.columbia.edu/faculty/andrew-levander
Marsha Levick,https://www.law.columbia.edu/faculty/marsha-levick,,https://www.law.columbia.edu/faculty/marsha-levick
Jane Levine,https://www.law.columbia.edu/faculty/jane-levine,,https://www.law.columbia.edu/faculty/jane-levine
Jenna Levine,https://www.law.columbia.edu/faculty/jenna-levine,,https://www.law.columbia.edu/faculty/jenna-levine
Joshua Levine,https://www.law.columbia.edu/faculty/joshua-levine,,https://www.law.columbia.edu/faculty/joshua-levine
Samuel Levine,https://www.law.columbia.edu/faculty/samuel-levine,,https://www.law.columbia.edu/faculty/samuel-levine
Sylvie Levine,https://www.law.columbia.edu/faculty/sylvie-levine,,https://www.law.columbia.edu/faculty/sylvie-levine
Saul Levmore,https://www.law.columbia.edu/faculty/saul-levmore,,https://www.law.columbia.edu/faculty/saul-levmore
Nicholas Levy,https://www.law.columbia.edu/faculty/nicholas-levy,,https://www.law.columbia.edu/faculty/nicholas-levy
Robert Levy,https://www.law.columbia.edu/faculty/robert-levy,,https://www.law.columbia.edu/faculty/robert-levy
Tashi Lhewa,https://www.law.columbia.edu/faculty/tashi-lhewa,,https://www.law.columbia.edu/faculty/tashi-lhewa
Christine LiCalzi,https://www.law.columbia.edu/faculty/christine-licalzi,,https://www.law.columbia.edu/faculty/christine-licalzi
Benjamin L. Liebman,https://www.law.columbia.edu/faculty/benjamin-l-liebman,,https://www.law.columbia.edu/faculty/benjamin-l-liebman
Carol B. Liebman,https://www.law.columbia.edu/faculty/carol-b-liebman,,https://www.law.columbia.edu/faculty/carol-b-liebman
James S. Liebman,https://www.law.columbia.edu/faculty/james-s-liebman,,https://www.law.columbia.edu/faculty/james-s-liebman
Lance Liebman,https://www.law.columbia.edu/faculty/lance-liebman,,https://www.law.columbia.edu/faculty/lance-liebman
Allon Lifshitz,https://www.law.columbia.edu/faculty/allon-lifshitz,,https://www.law.columbia.edu/faculty/allon-lifshitz
Lewis Liman,https://www.law.columbia.edu/faculty/lewis-liman,,https://www.law.columbia.edu/faculty/lewis-liman
Jeremy Liss,https://www.law.columbia.edu/faculty/jeremy-liss,,https://www.law.columbia.edu/faculty/jeremy-liss
Daniel Listwa,https://www.law.columbia.edu/faculty/daniel-listwa,,https://www.law.columbia.edu/faculty/daniel-listwa
Dongxia Liu,https://www.law.columbia.edu/faculty/dongxia-liu,,https://www.law.columbia.edu/faculty/dongxia-liu
Goodwin Liu,https://www.law.columbia.edu/faculty/goodwin-liu,,https://www.law.columbia.edu/faculty/goodwin-liu
Debra A. Livingston,https://www.law.columbia.edu/faculty/debra-livingston,,https://www.law.columbia.edu/faculty/debra-livingston
Edward Lloyd,https://www.law.columbia.edu/faculty/edward-lloyd-0,,https://www.law.columbia.edu/faculty/edward-lloyd-0
Philippa Loengard,https://www.law.columbia.edu/faculty/philippa-loengard,,https://www.law.columbia.edu/faculty/philippa-loengard
Clarisa Long,https://www.law.columbia.edu/faculty/clarisa-long,,https://www.law.columbia.edu/faculty/clarisa-long
Michael Love,https://www.law.columbia.edu/faculty/michael-love,,https://www.law.columbia.edu/faculty/michael-love
Abbe D. Lowell,https://www.law.columbia.edu/faculty/abbe-d-lowell,,https://www.law.columbia.edu/faculty/abbe-d-lowell
Louis Lowenstein,https://www.law.columbia.edu/faculty/louis-lowenstein,,https://www.law.columbia.edu/faculty/louis-lowenstein
Mitchell Lowenthal,https://www.law.columbia.edu/faculty/mitchell-lowenthal,,https://www.law.columbia.edu/faculty/mitchell-lowenthal
Joel Lozeman,https://www.law.columbia.edu/faculty/joel-lozeman,,https://www.law.columbia.edu/faculty/joel-lozeman
Asaf Lubin,https://www.law.columbia.edu/faculty/asaf-lubin,,https://www.law.columbia.edu/faculty/asaf-lubin
Dorothy S. Lund,https://www.law.columbia.edu/faculty/dorothy-s-lund,,https://www.law.columbia.edu/faculty/dorothy-s-lund
Oren Lund,https://www.law.columbia.edu/faculty/oren-lund,,https://www.law.columbia.edu/faculty/oren-lund
Gerard E. Lynch,https://www.law.columbia.edu/faculty/gerard-e-lynch,,https://www.law.columbia.edu/faculty/gerard-e-lynch
Jenny Ma,https://www.law.columbia.edu/faculty/jenny-ma,,https://www.law.columbia.edu/faculty/jenny-ma
Shangyu Ma,https://www.law.columbia.edu/faculty/shangyu-ma,,https://www.law.columbia.edu/faculty/shangyu-ma
Stone MacBeth,https://www.law.columbia.edu/faculty/stone-macbeth,,https://www.law.columbia.edu/faculty/stone-macbeth
James Macleod,https://www.law.columbia.edu/faculty/james-macleod,,https://www.law.columbia.edu/faculty/james-macleod
Fred Magaziner,https://www.law.columbia.edu/faculty/fred-magaziner,,https://www.law.columbia.edu/faculty/fred-magaziner
Mark Maher,https://www.law.columbia.edu/faculty/mark-maher,,https://www.law.columbia.edu/faculty/mark-maher
Neel Maitra,https://www.law.columbia.edu/faculty/neel-maitra,,https://www.law.columbia.edu/faculty/neel-maitra
Gary Mandel,https://www.law.columbia.edu/faculty/gary-mandel,,https://www.law.columbia.edu/faculty/gary-mandel
Lauren Mandell,https://www.law.columbia.edu/faculty/lauren-mandell,,https://www.law.columbia.edu/faculty/lauren-mandell
Ronald Mann,https://www.law.columbia.edu/faculty/ronald-mann,,https://www.law.columbia.edu/faculty/ronald-mann
Ian H. Marcus Amelkin,https://www.law.columbia.edu/faculty/ian-h-marcus-amelkin,,https://www.law.columbia.edu/faculty/ian-h-marcus-amelkin
Ari Markenson,https://www.law.columbia.edu/faculty/ari-markenson,,https://www.law.columbia.edu/faculty/ari-markenson
Florencia Marotta-Wurgler,https://www.law.columbia.edu/faculty/florencia-marotta-wurgler,,https://www.law.columbia.edu/faculty/florencia-marotta-wurgler
David Marriott,https://www.law.columbia.edu/faculty/david-marriott,,https://www.law.columbia.edu/faculty/david-marriott
Patricio Martinez-Llompart,https://www.law.columbia.edu/faculty/patricio-martinez-llompart,,https://www.law.columbia.edu/faculty/patricio-martinez-llompart
Tatiana Martins,https://www.law.columbia.edu/faculty/tatiana-martins,,https://www.law.columbia.edu/faculty/tatiana-martins
Viren Mascarenhas,https://www.law.columbia.edu/faculty/viren-mascarenhas,,https://www.law.columbia.edu/faculty/viren-mascarenhas
Kathleen Massey,https://www.law.columbia.edu/faculty/kathleen-massey,,https://www.law.columbia.edu/faculty/kathleen-massey
Kiyo Matsumoto,https://www.law.columbia.edu/faculty/kiyo-matsumoto,,https://www.law.columbia.edu/faculty/kiyo-matsumoto
Natalie Maust,https://www.law.columbia.edu/faculty/natalie-maust,,https://www.law.columbia.edu/faculty/natalie-maust
Petros C. Mavroidis,https://www.law.columbia.edu/faculty/petros-c-mavroidis,,https://www.law.columbia.edu/faculty/petros-c-mavroidis
Amy L. McCamphill,https://www.law.columbia.edu/faculty/amy-l-mccamphill,,https://www.law.columbia.edu/faculty/amy-l-mccamphill
Justin McCrary,https://www.law.columbia.edu/faculty/justin-mccrary,,https://www.law.columbia.edu/faculty/justin-mccrary
Amy McFarlane,https://www.law.columbia.edu/faculty/amy-mcfarlane,,https://www.law.columbia.edu/faculty/amy-mcfarlane
Michael Charles McGinnis,https://www.law.columbia.edu/faculty/michael-c-mcginnis,,https://www.law.columbia.edu/faculty/michael-c-mcginnis
Caitlin McGrail,https://www.law.columbia.edu/faculty/caitlin-mcgrail,,https://www.law.columbia.edu/faculty/caitlin-mcgrail
James McHugh,https://www.law.columbia.edu/faculty/james-mchugh,,https://www.law.columbia.edu/faculty/james-mchugh
Lindsay McKenzie,https://www.law.columbia.edu/faculty/lindsay-mckenzie,,https://www.law.columbia.edu/faculty/lindsay-mckenzie
Ryan McLeod,https://www.law.columbia.edu/faculty/ryan-mcleod,,https://www.law.columbia.edu/faculty/ryan-mcleod
Michael McMillen,https://www.law.columbia.edu/faculty/michael-mcmillen,,https://www.law.columbia.edu/faculty/michael-mcmillen
Jonathan Mechanic,https://www.law.columbia.edu/faculty/jonathan-mechanic,,https://www.law.columbia.edu/faculty/jonathan-mechanic
Lev Menand,https://www.law.columbia.edu/faculty/lev-menand,,https://www.law.columbia.edu/faculty/lev-menand
Danielle Menitove,https://www.law.columbia.edu/faculty/danielle-menitove,,https://www.law.columbia.edu/faculty/danielle-menitove
Thomas W. Merrill,https://www.law.columbia.edu/faculty/thomas-w-merrill,,https://www.law.columbia.edu/faculty/thomas-w-merrill
Nicole Mesard,https://www.law.columbia.edu/faculty/nicole-mesard,,https://www.law.columbia.edu/faculty/nicole-mesard
Andrew Metcalf,https://www.law.columbia.edu/faculty/andrew-metcalf,,https://www.law.columbia.edu/faculty/andrew-metcalf
Gillian Metzger,https://www.law.columbia.edu/faculty/gillian-metzger,,https://www.law.columbia.edu/faculty/gillian-metzger
Janis Meyer,https://www.law.columbia.edu/faculty/janis-meyer,,https://www.law.columbia.edu/faculty/janis-meyer
Joel Michaels,https://www.law.columbia.edu/faculty/joel-michaels,,https://www.law.columbia.edu/faculty/joel-michaels
Jill L. Miller,https://www.law.columbia.edu/faculty/jill-l-miller,,https://www.law.columbia.edu/faculty/jill-l-miller
Madalyn Miller,https://www.law.columbia.edu/faculty/madalyn-miller,,https://www.law.columbia.edu/faculty/madalyn-miller
Kevin Timothy Minofu,https://www.law.columbia.edu/faculty/kevin-t-minofu,,https://www.law.columbia.edu/faculty/kevin-t-minofu
Paul Mishkin,https://www.law.columbia.edu/faculty/paul-mishkin,,https://www.law.columbia.edu/faculty/paul-mishkin
Joshua Mitts,https://www.law.columbia.edu/faculty/joshua-mitts,,https://www.law.columbia.edu/faculty/joshua-mitts
Eben Moglen,https://www.law.columbia.edu/faculty/eben-moglen,,https://www.law.columbia.edu/faculty/eben-moglen
Tiffany Moller,https://www.law.columbia.edu/faculty/tiffany-moller,,https://www.law.columbia.edu/faculty/tiffany-moller
Nicole Molner,https://www.law.columbia.edu/faculty/nicole-molner,,https://www.law.columbia.edu/faculty/nicole-molner
Rahim Moloo,https://www.law.columbia.edu/faculty/rahim-moloo,,https://www.law.columbia.edu/faculty/rahim-moloo
Henry  P. Monaghan,https://www.law.columbia.edu/faculty/henry-p-monaghan,,https://www.law.columbia.edu/faculty/henry-p-monaghan
Mauricio Moreira Mendonca de Menezes,https://www.law.columbia.edu/faculty/mauricio-moreira-mendonca-de-menezes,,https://www.law.columbia.edu/faculty/mauricio-moreira-mendonca-de-menezes
Ramona Morel,https://www.law.columbia.edu/faculty/ramona-morel,,https://www.law.columbia.edu/faculty/ramona-morel
Erin Morgan,https://www.law.columbia.edu/faculty/erin-morgan,,https://www.law.columbia.edu/faculty/erin-morgan
Michelle Moriarty,https://www.law.columbia.edu/faculty/michelle-moriarty,,https://www.law.columbia.edu/faculty/michelle-moriarty
Matthew Morreale,https://www.law.columbia.edu/faculty/matthew-morreale,,https://www.law.columbia.edu/faculty/matthew-morreale
Edward R. Morrison,https://www.law.columbia.edu/faculty/edward-r-morrison,,https://www.law.columbia.edu/faculty/edward-r-morrison
Elora Mukherjee,https://www.law.columbia.edu/faculty/elora-mukherjee,,https://www.law.columbia.edu/faculty/elora-mukherjee
Arthur Murphy,https://www.law.columbia.edu/faculty/arthur-murphy,,https://www.law.columbia.edu/faculty/arthur-murphy
Kerrel Murray,https://www.law.columbia.edu/faculty/kerrel-murray,,https://www.law.columbia.edu/faculty/kerrel-murray
Minor Myers,https://www.law.columbia.edu/faculty/minor-myers,,https://www.law.columbia.edu/faculty/minor-myers
David Nachman,https://www.law.columbia.edu/faculty/david-nachman,,https://www.law.columbia.edu/faculty/david-nachman
Daniel Nadel,https://www.law.columbia.edu/faculty/daniel-nadel,,https://www.law.columbia.edu/faculty/daniel-nadel
Gary Naftalis,https://www.law.columbia.edu/faculty/gary-naftalis,,https://www.law.columbia.edu/faculty/gary-naftalis
Subha Narasimhan,https://www.law.columbia.edu/faculty/subha-narasimhan,,https://www.law.columbia.edu/faculty/subha-narasimhan
Mariana Newman,https://www.law.columbia.edu/faculty/mariana-newman,,https://www.law.columbia.edu/faculty/mariana-newman
Mark Nielsen,https://www.law.columbia.edu/faculty/mark-nielsen,,https://www.law.columbia.edu/faculty/mark-nielsen
Ilan Nissan,https://www.law.columbia.edu/faculty/ilan-nissan,,https://www.law.columbia.edu/faculty/ilan-nissan
Julie North,https://www.law.columbia.edu/faculty/julie-north,,https://www.law.columbia.edu/faculty/julie-north
Trevor Norwitz,https://www.law.columbia.edu/faculty/trevor-norwitz,,https://www.law.columbia.edu/faculty/trevor-norwitz
Clio Nudel Radomysler,https://www.law.columbia.edu/faculty/clio-nudel-radomysler,,https://www.law.columbia.edu/faculty/clio-nudel-radomysler
Daphne O'Connor,https://www.law.columbia.edu/faculty/daphne-oconnor,,https://www.law.columbia.edu/faculty/daphne-oconnor
Delphine O'Rourke,https://www.law.columbia.edu/faculty/delphine-orourke,,https://www.law.columbia.edu/faculty/delphine-orourke
John Oberdiek,https://www.law.columbia.edu/faculty/john-oberdiek,,https://www.law.columbia.edu/faculty/john-oberdiek
Leeor Ofer,https://www.law.columbia.edu/faculty/leeor-ofer,,https://www.law.columbia.edu/faculty/leeor-ofer
William Ohlemeyer,https://www.law.columbia.edu/faculty/william-ohlemeyer,,https://www.law.columbia.edu/faculty/william-ohlemeyer
Victor Olds,https://www.law.columbia.edu/faculty/victor-olds,,https://www.law.columbia.edu/faculty/victor-olds
Beatrice Onofrj,https://www.law.columbia.edu/faculty/beatrice-onofrj,,https://www.law.columbia.edu/faculty/beatrice-onofrj
Paul Oosterhuis,https://www.law.columbia.edu/faculty/paul-oosterhuis,,https://www.law.columbia.edu/faculty/paul-oosterhuis
Eric W Orts,https://www.law.columbia.edu/faculty/eric-w-orts,,https://www.law.columbia.edu/faculty/eric-w-orts
Ashira Pelman Ostrow,https://www.law.columbia.edu/faculty/ashira-p-ostrow,,https://www.law.columbia.edu/faculty/ashira-p-ostrow
Lisa Ouellette,https://www.law.columbia.edu/faculty/lisa-ouellette,,https://www.law.columbia.edu/faculty/lisa-ouellette
Stratos Pahis,https://www.law.columbia.edu/faculty/stratos-pahis,,https://www.law.columbia.edu/faculty/stratos-pahis
John Palmer,https://www.law.columbia.edu/faculty/john-palmer,,https://www.law.columbia.edu/faculty/john-palmer
Eric Pan,https://www.law.columbia.edu/faculty/eric-pan,,https://www.law.columbia.edu/faculty/eric-pan
Shidong Pan,https://www.law.columbia.edu/faculty/shidong-pan,,https://www.law.columbia.edu/faculty/shidong-pan
Yu Pan,https://www.law.columbia.edu/faculty/yu-pan,,https://www.law.columbia.edu/faculty/yu-pan
Camille Pannu,https://www.law.columbia.edu/faculty/camille-pannu,,https://www.law.columbia.edu/faculty/camille-pannu
Lynnise Pantin,https://www.law.columbia.edu/faculty/lynnise-pantin,,https://www.law.columbia.edu/faculty/lynnise-pantin
Michel Paradis,https://www.law.columbia.edu/faculty/michel-paradis,,https://www.law.columbia.edu/faculty/michel-paradis
Amy Pardee,https://www.law.columbia.edu/faculty/amy-pardee,,https://www.law.columbia.edu/faculty/amy-pardee
Michael Park,https://www.law.columbia.edu/faculty/michael-park,,https://www.law.columbia.edu/faculty/michael-park
Yejoo Park,https://www.law.columbia.edu/faculty/yejoo-park,,https://www.law.columbia.edu/faculty/yejoo-park
Hillel Parness,https://www.law.columbia.edu/faculty/hillel-parness,,https://www.law.columbia.edu/faculty/hillel-parness
Rene Paula,https://www.law.columbia.edu/faculty/rene-paula,,https://www.law.columbia.edu/faculty/rene-paula
Susan Paulson,https://www.law.columbia.edu/faculty/susan-paulson,,https://www.law.columbia.edu/faculty/susan-paulson
Madhuri Pavamani,https://www.law.columbia.edu/faculty/madhuri-pavamani,,https://www.law.columbia.edu/faculty/madhuri-pavamani
Shawn Pelsinger,https://www.law.columbia.edu/faculty/shawn-pelsinger,,https://www.law.columbia.edu/faculty/shawn-pelsinger
Myrna Perez,https://www.law.columbia.edu/faculty/myrna-perez,,https://www.law.columbia.edu/faculty/myrna-perez
Brence Pernell,https://www.law.columbia.edu/faculty/brence-pernell,,https://www.law.columbia.edu/faculty/brence-pernell
Alena M Perszyk,https://www.law.columbia.edu/faculty/alena-m-perszyk,,https://www.law.columbia.edu/faculty/alena-m-perszyk
Julie Stone Peters,https://www.law.columbia.edu/faculty/julie-s-peters,,https://www.law.columbia.edu/faculty/julie-s-peters
Jill Pilgrim,https://www.law.columbia.edu/faculty/jill-pilgrim,,https://www.law.columbia.edu/faculty/jill-pilgrim
David Pinsky,https://www.law.columbia.edu/faculty/david-pinsky,,https://www.law.columbia.edu/faculty/david-pinsky
Katharina Pistor,https://www.law.columbia.edu/faculty/katharina-pistor,,https://www.law.columbia.edu/faculty/katharina-pistor
David C. Pitluck,https://www.law.columbia.edu/faculty/david-c-pitluck,,https://www.law.columbia.edu/faculty/david-c-pitluck
David Pitofsky,https://www.law.columbia.edu/faculty/david-pitofsky,,https://www.law.columbia.edu/faculty/david-pitofsky
Christina D. Ponsa-Kraus,https://www.law.columbia.edu/faculty/christina-d-ponsa-kraus,,https://www.law.columbia.edu/faculty/christina-d-ponsa-kraus
David Pozen,https://www.law.columbia.edu/faculty/david-pozen,,https://www.law.columbia.edu/faculty/david-pozen
Archana Prakash,https://www.law.columbia.edu/faculty/archana-prakash,,https://www.law.columbia.edu/faculty/archana-prakash
Mitchell S. Presser,https://www.law.columbia.edu/faculty/mitchell-s-presser,,https://www.law.columbia.edu/faculty/mitchell-s-presser
Elizabeth Prewitt,https://www.law.columbia.edu/faculty/elizabeth-prewitt,,https://www.law.columbia.edu/faculty/elizabeth-prewitt
Omar Pringle,https://www.law.columbia.edu/faculty/omar-pringle,,https://www.law.columbia.edu/faculty/omar-pringle
Emily Prokesch,https://www.law.columbia.edu/faculty/emily-prokesch,,https://www.law.columbia.edu/faculty/emily-prokesch
Steven Rabinowitz,https://www.law.columbia.edu/faculty/steven-rabinowitz,,https://www.law.columbia.edu/faculty/steven-rabinowitz
Paul Radvany,https://www.law.columbia.edu/faculty/paul-radvany,,https://www.law.columbia.edu/faculty/paul-radvany
Lise Rahdert,https://www.law.columbia.edu/faculty/lise-rahdert,,https://www.law.columbia.edu/faculty/lise-rahdert
Jed Rakoff,https://www.law.columbia.edu/faculty/jed-rakoff,,https://www.law.columbia.edu/faculty/jed-rakoff
Kumar Rao,https://www.law.columbia.edu/faculty/kumar-rao,,https://www.law.columbia.edu/faculty/kumar-rao
Andrzej Rapaczynski,https://www.law.columbia.edu/faculty/andrzej-rapaczynski,,https://www.law.columbia.edu/faculty/andrzej-rapaczynski
John Rapisardi,https://www.law.columbia.edu/faculty/john-rapisardi,,https://www.law.columbia.edu/faculty/john-rapisardi
Alex Raskolnikov,https://www.law.columbia.edu/faculty/alex-raskolnikov,,https://www.law.columbia.edu/faculty/alex-raskolnikov
Gabriel Rauterberg,https://www.law.columbia.edu/faculty/gabriel-rauterberg,,https://www.law.columbia.edu/faculty/gabriel-rauterberg
Joseph Raz,https://www.law.columbia.edu/faculty/joseph-raz,,https://www.law.columbia.edu/faculty/joseph-raz
Kate Redburn,https://www.law.columbia.edu/faculty/kate-redburn,,https://www.law.columbia.edu/faculty/kate-redburn
Timothy Reif,https://www.law.columbia.edu/faculty/timothy-reif,,https://www.law.columbia.edu/faculty/timothy-reif
Jayne Ressler,https://www.law.columbia.edu/faculty/jayne-ressler,,https://www.law.columbia.edu/faculty/jayne-ressler
Randye Retkin,https://www.law.columbia.edu/faculty/randye-retkin,,https://www.law.columbia.edu/faculty/randye-retkin
Daniel Richman,https://www.law.columbia.edu/faculty/daniel-richman,,https://www.law.columbia.edu/faculty/daniel-richman
Seann Riley,https://www.law.columbia.edu/faculty/seann-riley,,https://www.law.columbia.edu/faculty/seann-riley
Ken Rivlin,https://www.law.columbia.edu/faculty/ken-rivlin,,https://www.law.columbia.edu/faculty/ken-rivlin
Jennifer Rodgers,https://www.law.columbia.edu/faculty/jennifer-rodgers,,https://www.law.columbia.edu/faculty/jennifer-rodgers
Alejo Rodriguez,https://www.law.columbia.edu/faculty/alejo-rodriguez,,https://www.law.columbia.edu/faculty/alejo-rodriguez
Jeong-Ho Roh,https://www.law.columbia.edu/faculty/jeong-ho-roh,,https://www.law.columbia.edu/faculty/jeong-ho-roh
Daniella Rohr,https://www.law.columbia.edu/faculty/daniella-rohr,,https://www.law.columbia.edu/faculty/daniella-rohr
Cristina (Tina) Romero,https://www.law.columbia.edu/faculty/cristina-romero,,https://www.law.columbia.edu/faculty/cristina-romero
Gabor Rona,https://www.law.columbia.edu/faculty/gabor-rona,,https://www.law.columbia.edu/faculty/gabor-rona
Kathy Rose,https://www.law.columbia.edu/faculty/kathy-rose,,https://www.law.columbia.edu/faculty/kathy-rose
Richard A. Rosen,https://www.law.columbia.edu/faculty/richard-rosen,,https://www.law.columbia.edu/faculty/richard-rosen
Michal Rosenn,https://www.law.columbia.edu/faculty/michal-rosenn,,https://www.law.columbia.edu/faculty/michal-rosenn
Menachem Rosensaft,https://www.law.columbia.edu/faculty/menachem-rosensaft,,https://www.law.columbia.edu/faculty/menachem-rosensaft
Albert Rosenthal,https://www.law.columbia.edu/faculty/albert-rosenthal,,https://www.law.columbia.edu/faculty/albert-rosenthal
Eric M. Rosof,https://www.law.columbia.edu/faculty/eric-m-rosof,,https://www.law.columbia.edu/faculty/eric-m-rosof
David Ross,https://www.law.columbia.edu/faculty/david-ross,,https://www.law.columbia.edu/faculty/david-ross
Kathleen Rubenstein,https://www.law.columbia.edu/faculty/kathleen-rubenstein,,https://www.law.columbia.edu/faculty/kathleen-rubenstein
Kim Rubenstein,https://www.law.columbia.edu/faculty/kim-rubenstein,,https://www.law.columbia.edu/faculty/kim-rubenstein
Scott Ruskay-Kidd,https://www.law.columbia.edu/faculty/scott-ruskay-kidd,,https://www.law.columbia.edu/faculty/scott-ruskay-kidd
Charles F. Sabel,https://www.law.columbia.edu/faculty/charles-f-sabel,,https://www.law.columbia.edu/faculty/charles-f-sabel
Silke Sahl,https://www.law.columbia.edu/faculty/silke-sahl,,https://www.law.columbia.edu/faculty/silke-sahl
Benjamin Salas Kantor,https://www.law.columbia.edu/faculty/benjamin-salas-kantor,,https://www.law.columbia.edu/faculty/benjamin-salas-kantor
Lois Saldana,https://www.law.columbia.edu/faculty/lois-saldana,,https://www.law.columbia.edu/faculty/lois-saldana
Oguzhan Samanci,https://www.law.columbia.edu/faculty/oguzhan-samanci,,https://www.law.columbia.edu/faculty/oguzhan-samanci
Karen M. Sandler,https://www.law.columbia.edu/faculty/karen-m-sandler,,https://www.law.columbia.edu/faculty/karen-m-sandler
Carol Sanger,https://www.law.columbia.edu/faculty/carol-sanger,,https://www.law.columbia.edu/faculty/carol-sanger
Morgan E Saunders,https://www.law.columbia.edu/faculty/morgan-e-saunders,,https://www.law.columbia.edu/faculty/morgan-e-saunders
William Savitt,https://www.law.columbia.edu/faculty/william-savitt,,https://www.law.columbia.edu/faculty/william-savitt
Ari Savitzky,https://www.law.columbia.edu/faculty/ari-savitzky,,https://www.law.columbia.edu/faculty/ari-savitzky
Jacqueline Schafer,https://www.law.columbia.edu/faculty/jacqueline-schafer,,https://www.law.columbia.edu/faculty/jacqueline-schafer
Barbara A. Schatz,https://www.law.columbia.edu/faculty/barbara-schatz,,https://www.law.columbia.edu/faculty/barbara-schatz
Ben A. Schatz,https://www.law.columbia.edu/faculty/ben-schatz,,https://www.law.columbia.edu/faculty/ben-schatz
Ann Scherzer,https://www.law.columbia.edu/faculty/ann-scherzer,,https://www.law.columbia.edu/faculty/ann-scherzer
David M. Schizer,https://www.law.columbia.edu/faculty/david-m-schizer,,https://www.law.columbia.edu/faculty/david-m-schizer
Olivia Smith Schlinck,https://www.law.columbia.edu/faculty/olivia-s-schlinck,,https://www.law.columbia.edu/faculty/olivia-s-schlinck
Daniella Schmidt,https://www.law.columbia.edu/faculty/daniella-schmidt,,https://www.law.columbia.edu/faculty/daniella-schmidt
Thomas P. Schmidt,https://www.law.columbia.edu/faculty/thomas-p-schmidt,,https://www.law.columbia.edu/faculty/thomas-p-schmidt
Jacob Schneider,https://www.law.columbia.edu/faculty/jacob-schneider,,https://www.law.columbia.edu/faculty/jacob-schneider
Elizabeth Scott,https://www.law.columbia.edu/faculty/elizabeth-scott,,https://www.law.columbia.edu/faculty/elizabeth-scott
Robert Scott,https://www.law.columbia.edu/faculty/robert-scott,,https://www.law.columbia.edu/faculty/robert-scott
Robert Scott Walker,https://www.law.columbia.edu/faculty/robert-scott-walker,,https://www.law.columbia.edu/faculty/robert-scott-walker
Cathy Seibel,https://www.law.columbia.edu/faculty/cathy-seibel,,https://www.law.columbia.edu/faculty/cathy-seibel
Amanda Sen Villalobos,https://www.law.columbia.edu/faculty/amanda-sen-villalobos,,https://www.law.columbia.edu/faculty/amanda-sen-villalobos
Jeffrey Senger,https://www.law.columbia.edu/faculty/jeffrey-senger,,https://www.law.columbia.edu/faculty/jeffrey-senger
Amy Sennett,https://www.law.columbia.edu/faculty/amy-sennett,,https://www.law.columbia.edu/faculty/amy-sennett
Hina Shamsi,https://www.law.columbia.edu/faculty/hina-shamsi,,https://www.law.columbia.edu/faculty/hina-shamsi
Steven Shapiro,https://www.law.columbia.edu/faculty/steven-shapiro,,https://www.law.columbia.edu/faculty/steven-shapiro
William Sharon,https://www.law.columbia.edu/faculty/william-sharon,,https://www.law.columbia.edu/faculty/william-sharon
Kelly A. Shaw,https://www.law.columbia.edu/faculty/kelly-shaw,,https://www.law.columbia.edu/faculty/kelly-shaw
Edward Sherwin,https://www.law.columbia.edu/faculty/edward-sherwin,,https://www.law.columbia.edu/faculty/edward-sherwin
Xiaowei Shi,https://www.law.columbia.edu/faculty/xiaowei-shi,,https://www.law.columbia.edu/faculty/xiaowei-shi
Sarah Siegel,https://www.law.columbia.edu/faculty/sarah-siegel,,https://www.law.columbia.edu/faculty/sarah-siegel
Teri Silvers,https://www.law.columbia.edu/faculty/teri-silvers,,https://www.law.columbia.edu/faculty/teri-silvers
William H. Simon,https://www.law.columbia.edu/faculty/william-h-simon,,https://www.law.columbia.edu/faculty/william-h-simon
Graeme Simpson,https://www.law.columbia.edu/faculty/graeme-simpson,,https://www.law.columbia.edu/faculty/graeme-simpson
Riti Singh,https://www.law.columbia.edu/faculty/riti-singh,,https://www.law.columbia.edu/faculty/riti-singh
Christy Slavik,https://www.law.columbia.edu/faculty/christy-slavik,,https://www.law.columbia.edu/faculty/christy-slavik
Shervon Small,https://www.law.columbia.edu/faculty/shervon-small,,https://www.law.columbia.edu/faculty/shervon-small
Hans Smit,https://www.law.columbia.edu/faculty/hans-smit,,https://www.law.columbia.edu/faculty/hans-smit
Robert Smit,https://www.law.columbia.edu/faculty/robert-smit,,https://www.law.columbia.edu/faculty/robert-smit
Elizabeth Smith,https://www.law.columbia.edu/faculty/elizabeth-smith,,https://www.law.columbia.edu/faculty/elizabeth-smith
Nathalie Smuha,https://www.law.columbia.edu/faculty/nathalie-smuha,,https://www.law.columbia.edu/faculty/nathalie-smuha
Richard J. Sobelsohn,https://www.law.columbia.edu/faculty/richard-j-sobelsohn,,https://www.law.columbia.edu/faculty/richard-j-sobelsohn
Michael Solender,https://www.law.columbia.edu/faculty/michael-solender,,https://www.law.columbia.edu/faculty/michael-solender
Jackeline Solivan,https://www.law.columbia.edu/faculty/jackeline-solivan,,https://www.law.columbia.edu/faculty/jackeline-solivan
Adan Soltren,https://www.law.columbia.edu/faculty/adan-soltren,,https://www.law.columbia.edu/faculty/adan-soltren
Evie Spanos,https://www.law.columbia.edu/faculty/evie-spanos,,https://www.law.columbia.edu/faculty/evie-spanos
Clara Spera,https://www.law.columbia.edu/faculty/clara-spera,,https://www.law.columbia.edu/faculty/clara-spera
Jane M. Spinak,https://www.law.columbia.edu/faculty/jane-m-spinak,,https://www.law.columbia.edu/faculty/jane-m-spinak
Leia Squillace,https://www.law.columbia.edu/faculty/leia-squillace,,https://www.law.columbia.edu/faculty/leia-squillace
Steven Statsinger,https://www.law.columbia.edu/faculty/steven-statsinger,,https://www.law.columbia.edu/faculty/steven-statsinger
Zoe Staum,https://www.law.columbia.edu/faculty/zoe-staum,,https://www.law.columbia.edu/faculty/zoe-staum
Reilly S. Steel,https://www.law.columbia.edu/faculty/reilly-s-steel,,https://www.law.columbia.edu/faculty/reilly-s-steel
Sean Stenstrom,https://www.law.columbia.edu/faculty/sean-stenstrom,,https://www.law.columbia.edu/faculty/sean-stenstrom
Paul Stephan,https://www.law.columbia.edu/faculty/paul-stephan,,https://www.law.columbia.edu/faculty/paul-stephan
Jean Stevens,https://www.law.columbia.edu/faculty/jean-stevens,,https://www.law.columbia.edu/faculty/jean-stevens
Richard  B. Stone,https://www.law.columbia.edu/faculty/richard-b-stone,,https://www.law.columbia.edu/faculty/richard-b-stone
Rob Storch,https://www.law.columbia.edu/faculty/rob-storch,,https://www.law.columbia.edu/faculty/rob-storch
Ilene Strauss,https://www.law.columbia.edu/faculty/ilene-strauss,,https://www.law.columbia.edu/faculty/ilene-strauss
Peter L. Strauss,https://www.law.columbia.edu/faculty/peter-l-strauss,,https://www.law.columbia.edu/faculty/peter-l-strauss
Susan P. Sturm,https://www.law.columbia.edu/faculty/susan-p-sturm,,https://www.law.columbia.edu/faculty/susan-p-sturm
John Sullivan,https://www.law.columbia.edu/faculty/john-sullivan,,https://www.law.columbia.edu/faculty/john-sullivan
Richard Sullivan,https://www.law.columbia.edu/faculty/richard-sullivan,,https://www.law.columbia.edu/faculty/richard-sullivan
Aidan Synnott,https://www.law.columbia.edu/faculty/aidan-synnott,,https://www.law.columbia.edu/faculty/aidan-synnott
Eric Talley,https://www.law.columbia.edu/faculty/eric-talley,,https://www.law.columbia.edu/faculty/eric-talley
Andrew Tannenbaum,https://www.law.columbia.edu/faculty/andrew-tannenbaum,,https://www.law.columbia.edu/faculty/andrew-tannenbaum
Vijay Tata,https://www.law.columbia.edu/faculty/vijay-tata,,https://www.law.columbia.edu/faculty/vijay-tata
Matthew Telford Vidal,https://www.law.columbia.edu/faculty/matthew-telford-vidal,,https://www.law.columbia.edu/faculty/matthew-telford-vidal
Steven Tepper,https://www.law.columbia.edu/faculty/steven-tepper,,https://www.law.columbia.edu/faculty/steven-tepper
Kendall Thomas,https://www.law.columbia.edu/faculty/kendall-thomas,,https://www.law.columbia.edu/faculty/kendall-thomas
Lauren Thomas,https://www.law.columbia.edu/faculty/lauren-thomas,,https://www.law.columbia.edu/faculty/lauren-thomas
Javier Tordellis Rodriguez,https://www.law.columbia.edu/faculty/javier-tordellis-rodriguez,,https://www.law.columbia.edu/faculty/javier-tordellis-rodriguez
Brandon Trice,https://www.law.columbia.edu/faculty/brandon-trice,,https://www.law.columbia.edu/faculty/brandon-trice
Matthew Tropp,https://www.law.columbia.edu/faculty/matthew-tropp,,https://www.law.columbia.edu/faculty/matthew-tropp
Georges Ugeux,https://www.law.columbia.edu/faculty/georges-ugeux,,https://www.law.columbia.edu/faculty/georges-ugeux
Michael Ullmann,https://www.law.columbia.edu/faculty/michael-ullmann,,https://www.law.columbia.edu/faculty/michael-ullmann
Mia Unger,https://www.law.columbia.edu/faculty/mia-unger,,https://www.law.columbia.edu/faculty/mia-unger
Liliana Vaamonde,https://www.law.columbia.edu/faculty/liliana-vaamonde,,https://www.law.columbia.edu/faculty/liliana-vaamonde
Jessica Valdes Jimenez,https://www.law.columbia.edu/faculty/jessica-valdes-jimenez,,https://www.law.columbia.edu/faculty/jessica-valdes-jimenez
Alexander Vasilescu,https://www.law.columbia.edu/faculty/alexander-vasilescu,,https://www.law.columbia.edu/faculty/alexander-vasilescu
Mark Vecchio,https://www.law.columbia.edu/faculty/mark-vecchio,,https://www.law.columbia.edu/faculty/mark-vecchio
Grace Vee,https://www.law.columbia.edu/faculty/grace-vee,,https://www.law.columbia.edu/faculty/grace-vee
Jess Velona,https://www.law.columbia.edu/faculty/jess-velona,,https://www.law.columbia.edu/faculty/jess-velona
Donald B. Verrilli,https://www.law.columbia.edu/faculty/donald-b-verrilli-jr,,https://www.law.columbia.edu/faculty/donald-b-verrilli-jr
Bernarda Villalona,https://www.law.columbia.edu/faculty/bernarda-villalona,,https://www.law.columbia.edu/faculty/bernarda-villalona
Monica Wagner,https://www.law.columbia.edu/faculty/monica-wagner,,https://www.law.columbia.edu/faculty/monica-wagner
Alex Walker,https://www.law.columbia.edu/faculty/alex-walker-iii,,https://www.law.columbia.edu/faculty/alex-walker-iii
Reakash Walters,https://www.law.columbia.edu/faculty/reakash-walters,,https://www.law.columbia.edu/faculty/reakash-walters
Shawn Kelly Watts,https://www.law.columbia.edu/faculty/shawn-k-watts,,https://www.law.columbia.edu/faculty/shawn-k-watts
Matthew C. Waxman,https://www.law.columbia.edu/faculty/matthew-c-waxman,,https://www.law.columbia.edu/faculty/matthew-c-waxman
Romany Webb,https://www.law.columbia.edu/faculty/romany-webb,,https://www.law.columbia.edu/faculty/romany-webb
Morri Weinberg,https://www.law.columbia.edu/faculty/morri-weinberg,,https://www.law.columbia.edu/faculty/morri-weinberg
Seth Weinberg,https://www.law.columbia.edu/faculty/seth-weinberg,,https://www.law.columbia.edu/faculty/seth-weinberg
Frances Weiner,https://www.law.columbia.edu/faculty/frances-weiner,,https://www.law.columbia.edu/faculty/frances-weiner
Michael Weiner,https://www.law.columbia.edu/faculty/michael-weiner,,https://www.law.columbia.edu/faculty/michael-weiner
Reid Kress Weisbord,https://www.law.columbia.edu/faculty/reid-k-weisbord,,https://www.law.columbia.edu/faculty/reid-k-weisbord
Walter Werner,https://www.law.columbia.edu/faculty/walter-werner,,https://www.law.columbia.edu/faculty/walter-werner
Melanie Tharamangalam West,https://www.law.columbia.edu/faculty/melanie-t-west,,https://www.law.columbia.edu/faculty/melanie-t-west
Rebecca Wexler,https://www.law.columbia.edu/faculty/rebecca-wexler,,https://www.law.columbia.edu/faculty/rebecca-wexler
Kimberly White,https://www.law.columbia.edu/faculty/kimberly-white,,https://www.law.columbia.edu/faculty/kimberly-white
Thomas W. White,https://www.law.columbia.edu/faculty/thomas-w-white,,https://www.law.columbia.edu/faculty/thomas-w-white
Charles Whitehead,https://www.law.columbia.edu/faculty/charles-whitehead,,https://www.law.columbia.edu/faculty/charles-whitehead
Alexandra Whittaker,https://www.law.columbia.edu/faculty/alexandra-whittaker,,https://www.law.columbia.edu/faculty/alexandra-whittaker
Benjamin Wiener,https://www.law.columbia.edu/faculty/benjamin-wiener,,https://www.law.columbia.edu/faculty/benjamin-wiener
Timothy Wilkins,https://www.law.columbia.edu/faculty/timothy-wilkins,,https://www.law.columbia.edu/faculty/timothy-wilkins
Carine Williams,https://www.law.columbia.edu/faculty/carine-williams,,https://www.law.columbia.edu/faculty/carine-williams
Patricia J. Williams,https://www.law.columbia.edu/faculty/patricia-j-williams,,https://www.law.columbia.edu/faculty/patricia-j-williams
Nicholas V Wiltsie,https://www.law.columbia.edu/faculty/nicholas-v-wiltsie,,https://www.law.columbia.edu/faculty/nicholas-v-wiltsie
Emily Winograd Leonard,https://www.law.columbia.edu/faculty/emily-winograd-leonard,,https://www.law.columbia.edu/faculty/emily-winograd-leonard
Robert Martin Witt,https://www.law.columbia.edu/faculty/robert-m-witt,,https://www.law.columbia.edu/faculty/robert-m-witt
Timothy Wu,https://www.law.columbia.edu/faculty/timothy-wu,,https://www.law.columbia.edu/faculty/timothy-wu
Noah Yavitz,https://www.law.columbia.edu/faculty/noah-yavitz,,https://www.law.columbia.edu/faculty/noah-yavitz
Marianne Yen,https://www.law.columbia.edu/faculty/marianne-yen,,https://www.law.columbia.edu/faculty/marianne-yen
Katerina M. Yiannibas,https://www.law.columbia.edu/faculty/katerina-m-yiannibas,,https://www.law.columbia.edu/faculty/katerina-m-yiannibas
Kate Yoon,https://www.law.columbia.edu/faculty/kate-yoon,,https://www.law.columbia.edu/faculty/kate-yoon
William F. Young,https://www.law.columbia.edu/faculty/william-f-young,,https://www.law.columbia.edu/faculty/william-f-young
Josh Younger,https://www.law.columbia.edu/faculty/josh-younger,,https://www.law.columbia.edu/faculty/josh-younger
Rachel Yu,https://www.law.columbia.edu/faculty/rachel-yu,,https://www.law.columbia.edu/faculty/rachel-yu
Temitope K. Yusuf,https://www.law.columbia.edu/faculty/temitope-k-yusuf,,https://www.law.columbia.edu/faculty/temitope-k-yusuf
Zachary Zarnow,https://www.law.columbia.edu/faculty/zachary-zarnow,,https://www.law.columbia.edu/faculty/zachary-zarnow
Ping Zhao,https://www.law.columbia.edu/faculty/ping-zhao,,https://www.law.columbia.edu/faculty/ping-zhao
Grace Zhou,https://www.law.columbia.edu/faculty/grace-zhou,,https://www.law.columbia.edu/faculty/grace-zhou
Marnie Zien,https://www.law.columbia.edu/faculty/marnie-zien,,https://www.law.columbia.edu/faculty/marnie-zien
Mary Marsh Zulack,https://www.law.columbia.edu/faculty/mary-m-zulack,,https://www.law.columbia.edu/faculty/mary-m-zulack
